direction_law,sampler,transport_proposal,transport_kappa,transport_steps,gradient_history,projection_probability,replicate,seed,runtime_seconds,ridge_iteration,ridge_found,stop_transport_idx,accepted_transport,transport_logp_gain,transport_endpoint_beta0,transport_endpoint_beta1,transport_endpoint_sigma,transport_endpoint_s,max_abs_beta0_transport,max_abs_beta1_transport,max_sigma_transport,max_s_transport,max_transport_jump,mean_beta0,mean_beta1,mean_sigma,mean_s,final_logp,nfev,output,stdout
kappa,sas,random,10.0,100,3,0.5,0,2026062900,35.51107850007247,12390,True,100,69,44.11411825839423,33.58020109169541,-1.3548413182650991,18951.445543198715,0.0006566817340115448,34.81591148607403,4.1312430620951615,19844.80519170867,0.0007276460554970587,23.478254955402097,-55762.6470007192,1179.5642762366272,13042.694680374065,729.2436941253072,-13873.620909390385,3366382,draws/transport_direction_trials/kappa_00.h5,means: -55762.6  1179.56  13042.7  729.244 | stds: 6942.58 103.573 156.067  233.44 | Number log_density evals: 3366382 | Acceptance rate: 0.980933 | Output: draws/transport_direction_trials/kappa_00.h5
projected,sas,random,10.0,100,3,0.5,0,2026062900,35.11004187492654,55,True,100,54,4632716099937.662,-34011.59497779977,826.3942658987452,14798.880326908544,8.972651682013962e-33,39496.970275695734,930.1893012036364,14798.880326908544,1.0718337282949206,340.69670680691996,-56174.97110701021,1185.7185239539679,13035.466866304929,737.1082166788179,-13872.836057052342,3375051,draws/transport_direction_trials/projected_00.h5,means:  -56175 1185.72 13035.5 737.108 | stds: 7071.16 105.495  175.35 249.275 | Number log_density evals: 3375051 | Acceptance rate: 0.980267 | Output: draws/transport_direction_trials/projected_00.h5
kappa,sas,random,10.0,100,3,0.5,1,2026062901,38.28094862506259,27389,True,100,68,37370.80571190938,-11.328191750516453,-34.2692268994647,20081.50080941103,20.08979484116526,12.224161337127278,42.472328687481166,26016.081316022122,1999465.4784413853,46.18698306071192,-8102.946757613784,469.54060598970557,13181.186663806187,320.1610945324858,-13873.917611665778,3625684,draws/transport_direction_trials/kappa_01.h5,means: -8102.95  469.541  13181.2  320.161 | stds: 17936.7 267.222 176.105 225.518 | Number log_density evals: 3625684 | Acceptance rate: 0.971633 | Output: draws/transport_direction_trials/kappa_01.h5
projected,sas,random,10.0,100,3,0.5,1,2026062901,38.66008358297404,15534,True,100,17,1097768474.459015,-452.8121636683485,-137.24969532637203,8.843563667101833,3.386101359832957e-152,462.9130179588409,137.29408669701658,8.844163957535242,506.51821878162247,79.97306650181457,-52401.11814576884,1129.4452966006486,13046.317867609609,699.959533445431,-13873.044434498855,3706886,draws/transport_direction_trials/projected_01.h5,means: -52401.1  1129.45  13046.3   699.96 | stds: 12629.7 188.421 166.737 249.038 | Number log_density evals: 3706886 | Acceptance rate: 0.9667 | Output: draws/transport_direction_trials/projected_01.h5
kappa,sas,random,10.0,100,3,0.5,2,2026062902,38.17676674993709,20397,True,100,68,203.41289095292632,16.24634270704168,-141.2678163361796,22525.712013765653,9.087602077493866,17.086899133657376,148.9254029475086,24985.930727020765,9.087602077493866,150.18594047184598,-33157.63554773364,842.8251919648583,13105.283937356593,548.3226669595549,-13872.406870803427,3642666,draws/transport_direction_trials/kappa_02.h5,means: -33157.6  842.825  13105.3  548.323 | stds: 25806.5 384.504 178.989 296.832 | Number log_density evals: 3642666 | Acceptance rate: 0.976867 | Output: draws/transport_direction_trials/kappa_02.h5
projected,sas,random,10.0,100,3,0.5,2,2026062902,35.21449250006117,1792,True,100,33,106353537230.04779,-4913.182771018887,-575.6794417025584,35365.32883283531,3.2225977911313966e-101,4921.359548831352,620.9617759024428,35365.32883283531,2.639829382756245,1257.0794108630153,-55375.565018585505,1173.776495899453,13039.981148383284,739.0828799472447,-13872.007060606024,3361310,draws/transport_direction_trials/projected_02.h5,means: -55375.6  1173.78    13040  739.083 | stds: 6904.06 102.976 167.886 248.161 | Number log_density evals: 3361310 | Acceptance rate: 0.981733 | Output: draws/transport_direction_trials/projected_02.h5
kappa,sas,random,10.0,100,3,0.5,3,2026062903,35.10342433396727,8562,True,100,74,2213265.057934965,19.568589107120022,5.044304946615917,18670.675440425737,14.690135090422984,30.96335660150536,10.326793122823327,73820.7994502497,78762865.36193208,26.789583812648637,-54671.912335542154,1163.283691705217,13053.622249635362,717.1363246880736,-13879.335827353252,3359999,draws/transport_direction_trials/kappa_03.h5,means: -54671.9  1163.28  13053.6  717.136 | stds: 6860.16  102.33 189.311 229.037 | Number log_density evals: 3359999 | Acceptance rate: 0.991533 | Output: draws/transport_direction_trials/kappa_03.h5
projected,sas,random,10.0,100,3,0.5,3,2026062903,38.3136632500682,14913,True,100,40,26039964078.96751,-939.3853893865794,-5478.552889488616,114875.55340657903,2.9292385018015477e-29,2845.8214487727764,5486.462347829989,115962.98593320149,1.3984777698626618,56.192116343950694,-55750.67414434412,1179.4170414273383,13042.361563552422,734.8291878921875,-13875.958472717875,3640280,draws/transport_direction_trials/projected_03.h5,means: -55750.7  1179.42  13042.4  734.829 | stds: 6963.44 103.911 169.038 236.202 | Number log_density evals: 3640280 | Acceptance rate: 0.955867 | Output: draws/transport_direction_trials/projected_03.h5
kappa,sas,random,10.0,100,3,0.5,4,2026062904,34.57211545796599,4212,True,100,76,311964575.8348632,44.746589139287686,18.597905969985316,18352.437687062727,1.845851029542931,44.87712867690845,20.806928541863943,379070.179183165,9589065456.918182,23.946810610108574,-55457.35247937027,1174.9957494237974,13009.99578881151,742.4254291594215,-13873.388527094705,3317035,draws/transport_direction_trials/kappa_04.h5,means: -55457.4     1175    13010  742.425 | stds: 6601.75 98.4501 168.949 243.862 | Number log_density evals: 3317035 | Acceptance rate: 0.994267 | Output: draws/transport_direction_trials/kappa_04.h5
projected,sas,random,10.0,100,3,0.5,4,2026062904,35.098376374924555,5241,True,100,40,842782277208.9999,221.20321286979737,73.78526934496676,17076.151343847367,8.579394456277313e-84,231.52987627660806,85.58418856856196,17496.977653527847,0.48438020803893217,19.644651466274876,-55642.446364294905,1177.7097219449263,13053.434784589477,714.3763811988841,-13874.803008792693,3368689,draws/transport_direction_trials/projected_04.h5,means: -55642.4  1177.71  13053.4  714.376 | stds: 6702.93  99.967 163.902 241.748 | Number log_density evals: 3368689 | Acceptance rate: 0.972467 | Output: draws/transport_direction_trials/projected_04.h5
kappa,sas,random,10.0,100,3,0.5,5,2026062905,38.14393270795699,15311,True,100,74,55766754.13811986,81.7179210789132,119.6094051985443,16191.305000134658,1.1182656565989866,84.41787216036909,122.31728482976997,19258.165478911968,1132377719.3062582,47.118957147874546,-52149.62455227565,1125.7309664136212,13041.655948820919,712.4786304966018,-13874.241770274852,3654351,draws/transport_direction_trials/kappa_05.h5,means: -52149.6  1125.73  13041.7  712.479 | stds: 11553.5 172.198 169.779  238.31 | Number log_density evals: 3654351 | Acceptance rate: 0.9854 | Output: draws/transport_direction_trials/kappa_05.h5
projected,sas,random,10.0,100,3,0.5,5,2026062905,37.03786541696172,22143,True,100,16,2916919618.9065285,-11.805596895619122,-77.64880418968278,8.9859727483419,5.956014785146843e-153,149.1865160198897,266.4266116402365,11.532587609308928,0.35886593871323835,60.71787831302486,-27777.092362703817,762.5989869366941,13123.786712810512,493.1180053400271,-13874.533708832265,3519785,draws/transport_direction_trials/projected_05.h5,means: -27777.1  762.599  13123.8  493.118 | stds: 26962.3 401.643 180.991  300.34 | Number log_density evals: 3519785 | Acceptance rate: 0.934233 | Output: draws/transport_direction_trials/projected_05.h5
kappa,sas,random,10.0,100,3,0.5,6,2026062906,38.158118250081316,23442,True,100,69,14987901.020297771,-283.1007340211821,327.1398780464262,14546.347136077138,1.1411480841254776e-28,287.29806531135665,332.5444071895967,14546.347136077138,638125339.7026167,68.82442700888878,-23491.760025551586,698.781031449376,13132.841676328446,453.60060328443393,-13876.151172226879,3624816,draws/transport_direction_trials/kappa_06.h5,means: -23491.8  698.781  13132.8  453.601 | stds: 27301.9 406.789 190.751 303.012 | Number log_density evals: 3624816 | Acceptance rate: 0.9781 | Output: draws/transport_direction_trials/kappa_06.h5
projected,sas,random,10.0,100,3,0.5,6,2026062906,35.07976700004656,4106,True,100,32,4374895789799.8794,6983.486173904629,-1338.8901798399822,48246.28625076925,1.6981811185555026e-120,8542.441196749993,1350.8986099095155,48691.94574496974,162.40207067840527,1086.4144410981623,-55358.96918636981,1173.5737517638463,13042.553080037353,725.3590645815377,-13873.955881291622,3341059,draws/transport_direction_trials/projected_06.h5,means:  -55359 1173.57 13042.6 725.359 | stds: 6876.16 102.601 159.415 222.947 | Number log_density evals: 3341059 | Acceptance rate: 0.975533 | Output: draws/transport_direction_trials/projected_06.h5
kappa,sas,random,10.0,100,3,0.5,7,2026062907,35.1654109590454,9757,True,100,65,87.86726033137529,199.3045901804445,-110.89229560504111,21469.540080536382,4.3331193269454265e-36,199.35443290291192,113.92634261795502,23280.118463995375,4.605003364055938e-36,241.2490202402717,-55258.80359087542,1172.042312182827,13046.808062702417,717.6794439539981,-13872.023917305445,3365237,draws/transport_direction_trials/kappa_07.h5,means: -55258.8  1172.04  13046.8  717.679 | stds: 7358.88 109.767 184.008 229.239 | Number log_density evals: 3365237 | Acceptance rate: 0.9846 | Output: draws/transport_direction_trials/kappa_07.h5
projected,sas,random,10.0,100,3,0.5,7,2026062907,35.66942366701551,9444,True,100,16,5015608478630.924,-299.4097064588037,-161.026228533597,23132.32610968978,6.4668896962863e-106,301.4033297465716,161.026228533597,23983.729665233925,2.1663798088079744,156.7575024835614,-55042.981992149216,1168.8239637592885,13018.73669930111,706.8306746876616,-13873.330819511555,3400033,draws/transport_direction_trials/projected_07.h5,means:  -55043 1168.82 13018.7 706.831 | stds: 7030.25 104.876 172.568 238.845 | Number log_density evals: 3400033 | Acceptance rate: 0.973567 | Output: draws/transport_direction_trials/projected_07.h5
kappa,sas,random,10.0,100,3,0.5,8,2026062908,37.87595008290373,20331,True,100,57,106.02560183028982,-61.01152223216076,43.0313789334777,17692.161756054,0.04405362018374604,63.33450845726548,45.91448685234465,19002.16448038042,2.1828170165421077,55.265344238780884,-33456.297285396766,847.2112312511997,13100.046368506966,548.5896031045014,-13875.418966847492,3616918,draws/transport_direction_trials/kappa_08.h5,means: -33456.3  847.211    13100   548.59 | stds: 25453.1 379.339  186.78 300.988 | Number log_density evals: 3616918 | Acceptance rate: 0.9816 | Output: draws/transport_direction_trials/kappa_08.h5
projected,sas,random,10.0,100,3,0.5,8,2026062908,35.45243487495463,9209,True,100,49,139097974117.68365,1715.6598298780357,200.87996199366242,13360.772513779139,1.1271735608008135e-68,1900.3080822189593,235.7583199039631,13929.258468424712,1.1587455499297985,192.02728705819314,-55872.72908184838,1181.1939370585058,13036.53256028942,748.10393003332,-13873.746309924207,3368389,draws/transport_direction_trials/projected_08.h5,means: -55872.7  1181.19  13036.5  748.104 | stds: 6580.65 98.1601 156.047 211.438 | Number log_density evals: 3368389 | Acceptance rate: 0.980167 | Output: draws/transport_direction_trials/projected_08.h5
kappa,sas,random,10.0,100,3,0.5,9,2026062909,34.96909816702828,8400,True,100,51,3237311.872665356,208.5755983704501,414.0893462529724,29093.511307944675,2.4742294192120356e-30,208.5755983704501,414.0893462529724,29093.511307944675,2.4742294192120356e-30,506.76786664636046,-54853.513784524024,1165.9887455494058,13059.028877299368,745.480958777026,-13874.591160807531,3349206,draws/transport_direction_trials/kappa_09.h5,means: -54853.5  1165.99    13059  745.481 | stds: 6957.73 103.738 163.078 217.154 | Number log_density evals: 3349206 | Acceptance rate: 0.9793 | Output: draws/transport_direction_trials/kappa_09.h5
projected,sas,random,10.0,100,3,0.5,9,2026062909,5.9402859170222655,,False,100,13,151673513237.2627,504.2076253223932,-158.28492094449672,0.8620257253849805,3.99473548422668e-152,527.8140356904208,158.38571343546357,0.8620257253849805,1.4633327714643272,95.55813238437538,500.6627815152199,0.00023586502251806977,19815.848591717986,3.7496477237583155e-152,-18932.519871233977,560527,draws/transport_direction_trials/projected_09.h5,means:      500.663  0.000235865      19815.8 3.74965e-152 | stds: 0.000577254 0.000577254 0.000577254 0.000577254 | Number log_density evals: 560527 | Acceptance rate: 0.213667 | Output: draws/transport_direction_trials/projected_09.h5
kappa,sas,random,10.0,100,3,0.5,10,2026062910,35.0703431670554,11571,True,100,72,384.1163013963196,-20.836837762029457,58.09993278892671,17464.761952563702,3.6182253267550407e-12,22.194530037974094,58.111174628494936,20687.954297133994,3.621324784710105e-12,61.58004576489311,-55177.59937442948,1170.8342841639956,13032.18895960015,723.337260396484,-13872.638969145035,3350584,draws/transport_direction_trials/kappa_10.h5,means: -55177.6  1170.83  13032.2  723.337 | stds: 7196.09 107.355 159.636 238.228 | Number log_density evals: 3350584 | Acceptance rate: 0.986167 | Output: draws/transport_direction_trials/kappa_10.h5
projected,sas,random,10.0,100,3,0.5,10,2026062910,35.25360279204324,307,True,100,30,456885088839.35144,-162153.27773300573,-1294.4020923836858,33294.46777062158,21766548.042087145,162153.27773300573,1294.4020923836858,33294.46777062158,21766548.042087145,370.3141608432849,-55001.489623344016,1168.1976337943154,13040.31815695217,729.3478450865892,-13873.466264125434,3345009,draws/transport_direction_trials/projected_10.h5,means: -55001.5   1168.2  13040.3  729.348 | stds: 7093.86 105.847 159.538 226.858 | Number log_density evals: 3345009 | Acceptance rate: 0.9462 | Output: draws/transport_direction_trials/projected_10.h5
kappa,sas,random,10.0,100,3,0.5,11,2026062911,34.964552540914156,3288,True,100,73,9588198504.524466,-166.09190939396797,102.48873135182983,16214.784203022344,2.0153984882648782e-05,166.8155183697064,102.48873135182983,17779.38510473737,311709145745.75903,24.788208599420578,-53700.806045460675,1148.7869296943875,13032.17076651269,719.9422922382528,-13871.870809047641,3353380,draws/transport_direction_trials/kappa_11.h5,means: -53700.8  1148.79  13032.2  719.942 | stds: 7097.93 105.871 165.045 230.708 | Number log_density evals: 3353380 | Acceptance rate: 0.992267 | Output: draws/transport_direction_trials/kappa_11.h5
projected,sas,random,10.0,100,3,0.5,11,2026062911,34.65996745903976,31,True,100,50,9087353856890.557,-2860094.953564204,8257.419495427275,397525.0625209628,7348.757520063256,11855411.005103154,143662.63571397332,501308.1332998054,1431066820.7070262,410.80822372102404,-56198.75511545279,1186.1013517904705,13045.078944834991,732.6072111568376,-13872.67948895213,3315832,draws/transport_direction_trials/projected_11.h5,means: -56198.8   1186.1  13045.1  732.607 | stds: 6871.95 102.506  168.47 225.813 | Number log_density evals: 3315832 | Acceptance rate: 0.982333 | Output: draws/transport_direction_trials/projected_11.h5
kappa,sas,random,10.0,100,3,0.5,12,2026062912,35.58362050005235,7307,True,100,71,124.75565130251925,10.357115428892397,9.582604723534,18723.43534254251,0.8181353767822469,10.76045172094999,9.663444134941427,20218.901612119473,0.8563997880418913,12.944648444433524,-55703.7761827045,1178.6398382766176,13067.981176377803,728.3919332660182,-13873.001063907055,3392611,draws/transport_direction_trials/kappa_12.h5,means: -55703.8  1178.64    13068  728.392 | stds: 7140.51 106.574 149.542 234.156 | Number log_density evals: 3392611 | Acceptance rate: 0.989333 | Output: draws/transport_direction_trials/kappa_12.h5
projected,sas,random,10.0,100,3,0.5,12,2026062912,34.819242458906956,5302,True,100,14,11948297885.937117,369.88899651652554,-15133.944919806181,221586.2557533945,7.773003552002504e-58,476.8443571698749,15133.944919806181,221586.2557533945,3.0721440402697153,1454.08863545799,-54621.80133974502,1162.545235457442,13047.177384862523,742.977156206778,-13872.820257639554,3327258,draws/transport_direction_trials/projected_12.h5,means: -54621.8  1162.55  13047.2  742.977 | stds: 6848.12 102.173 159.435 219.417 | Number log_density evals: 3327258 | Acceptance rate: 0.987367 | Output: draws/transport_direction_trials/projected_12.h5
kappa,sas,random,10.0,100,3,0.5,13,2026062913,35.27682004205417,7649,True,100,65,444.2783842254612,0.4012929278894202,15.845177168271274,18452.250272470734,2.40486238119858,12.10692394245044,35.583631946855,20235.96787269049,3.1411394912282993,49.45826707735453,-55888.995139042905,1181.4252586402588,13033.894016551649,735.2105532541437,-13875.079088012482,3381723,draws/transport_direction_trials/kappa_13.h5,means:  -55889 1181.43 13033.9 735.211 | stds: 6762.38 100.902 155.481 222.512 | Number log_density evals: 3381723 | Acceptance rate: 0.991633 | Output: draws/transport_direction_trials/kappa_13.h5
projected,sas,random,10.0,100,3,0.5,13,2026062913,35.54995416710153,7422,True,100,36,96207704585.3015,530.771896643766,-5543.852541159489,116733.82326060142,1.762013172513069e-31,530.771896643766,5545.448233073335,116943.64064303538,1.3396607843397828,109.93164303759627,-55365.815353754304,1173.6395499139173,13063.266778081015,725.0186472078067,-13873.695820858644,3383159,draws/transport_direction_trials/projected_13.h5,means: -55365.8  1173.64  13063.3  725.019 | stds: 6168.96 91.9728 159.349  225.05 | Number log_density evals: 3383159 | Acceptance rate: 0.976767 | Output: draws/transport_direction_trials/projected_13.h5
kappa,sas,random,10.0,100,3,0.5,14,2026062914,35.23473308305256,8527,True,100,54,5290166828264.003,-25.075174591162092,19.441054305996268,18249.396130942532,1.6076326562824765e-12,29.151396285292865,20.462965144027134,20311.007454607185,6.3222237005572515,31.458949603169728,-55418.74034480718,1174.413217250658,13048.534339339885,738.7088402875203,-13872.078773318739,3372194,draws/transport_direction_trials/kappa_14.h5,means: -55418.7  1174.41  13048.5  738.709 | stds: 7086.62  105.71 167.708 241.395 | Number log_density evals: 3372194 | Acceptance rate: 0.9855 | Output: draws/transport_direction_trials/kappa_14.h5
projected,sas,random,10.0,100,3,0.5,14,2026062914,35.394777124980465,2908,True,100,56,5290166826747.307,-3561.6800402112203,143.51683121281707,16070.527213098949,3.917387308893937e-85,5523.077360669191,219.29395566516027,16254.454777262676,6.3222237005572515,67.66151881797882,-55190.05111708429,1171.0035007311337,13044.629825951093,725.745175400087,-13873.455502296085,3386537,draws/transport_direction_trials/projected_14.h5,means: -55190.1     1171  13044.6  725.745 | stds: 6956.38 103.805 161.064 240.413 | Number log_density evals: 3386537 | Acceptance rate: 0.957467 | Output: draws/transport_direction_trials/projected_14.h5
kappa,sas,random,10.0,100,3,0.5,15,2026062915,36.043397999950685,6399,True,100,78,3096499418.723342,33.95613819048497,1.1283810808256431,18909.187285809043,22.53442351136376,42.9219770766678,30.460888379978726,849900.6912089646,55586030563.55594,36.01659479862678,-54526.76563288771,1161.1521742709758,13046.260606885813,714.5800675075241,-13876.294035917852,3438006,draws/transport_direction_trials/kappa_15.h5,means: -54526.8  1161.15  13046.3   714.58 | stds: 6458.55 96.3428 170.801 231.192 | Number log_density evals: 3438006 | Acceptance rate: 0.990067 | Output: draws/transport_direction_trials/kappa_15.h5
projected,sas,random,10.0,100,3,0.5,15,2026062915,5.984750250005163,,False,100,18,79952265992.59595,-538.5101116954296,-209.46185118421275,1.4259882416305252,4.295574938588832e-152,572.985685980131,212.29390272786802,1.4262149381720755,0.7254274891628386,146.5787335431308,-548.0046319908014,0.0006150406209258226,19722.248291552038,4.377618349841436e-152,-19009.478515818053,564474,draws/transport_direction_trials/projected_15.h5,means:     -548.005  0.000615041      19722.2 4.37762e-152 | stds: 0.000577254 0.000577254 0.000577254 0.000577254 | Number log_density evals: 564474 | Acceptance rate: 0.220833 | Output: draws/transport_direction_trials/projected_15.h5
kappa,sas,random,10.0,100,3,0.5,16,2026062916,35.094060624949634,12765,True,100,63,3498329.3910489767,4.605711769819297,4.4023995215057115,18743.815764924268,42.17953113899719,18.237197842396007,32.21155248914643,20487.284101554782,212900100.08406332,24.366464927366334,-55590.31027588757,1176.9606590991013,13047.932038217872,719.2749722746884,-13874.79157988676,3353971,draws/transport_direction_trials/kappa_16.h5,means: -55590.3  1176.96  13047.9  719.275 | stds: 6773.01  101.03 145.987 237.403 | Number log_density evals: 3353971 | Acceptance rate: 0.989233 | Output: draws/transport_direction_trials/kappa_16.h5
projected,sas,random,10.0,100,3,0.5,16,2026062916,35.43914470798336,7220,True,100,50,6758076739775.947,548.549876495999,-2731.7061414043396,71779.55730336772,3.859046798908741e-21,1074.030833951021,2891.5636097357005,72513.45846085099,3544714.0547879743,124.78843706957552,-55537.26528649567,1176.203671693326,13063.281487678283,731.4166438530536,-13873.392077232047,3395308,draws/transport_direction_trials/projected_16.h5,means: -55537.3   1176.2  13063.3  731.417 | stds: 6924.33 103.301 159.167 230.582 | Number log_density evals: 3395308 | Acceptance rate: 0.9815 | Output: draws/transport_direction_trials/projected_16.h5
kappa,sas,random,10.0,100,3,0.5,17,2026062917,35.242341875098646,11277,True,100,56,131.02827948750928,11.833610885269325,39.80911406801904,18221.042823441698,3.009951616712253e-10,17.267664549025717,39.80911406801904,19381.179316855607,7.489026595181303e-10,25.13941721835688,-55775.60010333776,1179.7680125015393,13057.786393301301,722.6251728321587,-13874.104582689046,3373436,draws/transport_direction_trials/kappa_17.h5,means: -55775.6  1179.77  13057.8  722.625 | stds: 6750.07 100.675 157.456  218.35 | Number log_density evals: 3373436 | Acceptance rate: 0.989 | Output: draws/transport_direction_trials/kappa_17.h5
projected,sas,random,10.0,100,3,0.5,17,2026062917,35.063203915953636,12742,True,100,32,59747791717.91081,390.49507479121246,101.03932465601034,5.686887618624872,5.451062777766655e-124,458.4945951168387,139.54402665863216,5.686887618624872,0.00027630812471396947,151.18522118250718,-55431.29942208051,1174.5976392021591,13045.111340013567,735.7533367119956,-13872.187012122495,3349692,draws/transport_direction_trials/projected_17.h5,means: -55431.3   1174.6  13045.1  735.753 | stds: 6852.95 102.188  160.34 243.477 | Number log_density evals: 3349692 | Acceptance rate: 0.963767 | Output: draws/transport_direction_trials/projected_17.h5
kappa,sas,random,10.0,100,3,0.5,18,2026062918,35.89556908397935,14036,True,100,67,41914.576241714494,-47.45317158466009,-24.993700545674432,19927.42662807664,701.5492036697782,58.89059997945078,44.197206985798026,27146.608612222662,3046580.5684009464,74.93098179250654,-55410.290137811484,1174.2836326230067,13052.541585797986,717.5083003517493,-13874.095858660925,3429931,draws/transport_direction_trials/kappa_18.h5,means: -55410.3  1174.28  13052.5  717.508 | stds: 6783.54 101.198 171.794 234.219 | Number log_density evals: 3429931 | Acceptance rate: 0.985467 | Output: draws/transport_direction_trials/kappa_18.h5
projected,sas,random,10.0,100,3,0.5,18,2026062918,29.157218832988292,,False,100,23,822687502300.7095,432.10111697125336,-222.85118489412528,11.544112544012165,3.252670642118684e-152,437.27166935752354,223.0580290959478,11.546735769423316,5.360453476425445,167.7298730495233,-45.94716149785623,348.3437132080351,13576.856500338232,226.95760076235354,-13890.197442092445,2781515,draws/transport_direction_trials/projected_18.h5,means: -45.9472  348.344  13576.9  226.958 | stds:  307.91 24.2116 2484.01 113.814 | Number log_density evals: 2781515 | Acceptance rate: 0.873167 | Output: draws/transport_direction_trials/projected_18.h5
kappa,sas,random,10.0,100,3,0.5,19,2026062919,35.07960374990944,9969,True,100,76,51714384.06085847,25.72471910254089,83.73595635568354,16786.12468620498,88.86377481330294,26.72131356597378,84.16434984969455,17605.257552777253,1660381375.4681654,38.217222890606955,-56085.752962977545,1184.4037082607538,13030.676882917593,710.6434405564182,-13873.67243650023,3335785,draws/transport_direction_trials/kappa_19.h5,means: -56085.8   1184.4  13030.7  710.643 | stds: 7169.06 106.929 172.884 232.501 | Number log_density evals: 3335785 | Acceptance rate: 0.990433 | Output: draws/transport_direction_trials/kappa_19.h5
projected,sas,random,10.0,100,3,0.5,19,2026062919,52.08095187495928,21007,True,100,15,1609363301.0618744,-11.720398594789625,-100.46716192382097,3.1650728186583477,7.873579192342326e-153,26.566709153448937,103.80729514747159,3.165079232231953,0.04200337109757217,26.306524038747686,-23842.186856599885,704.0974854509857,13124.730775442633,511.6405262865674,-13875.092979441017,5117459,draws/transport_direction_trials/projected_19.h5,means: -23842.2  704.097  13124.7  511.641 | stds:   21264 316.783 183.962 287.519 | Number log_density evals: 5117459 | Acceptance rate: 0.874 | Output: draws/transport_direction_trials/projected_19.h5
