kappa,sampler,transport_direction,transport_proposal,transport_steps,gradient_history,projection_probability,replicate,seed,runtime_seconds,ridge_iteration,ridge_found,stop_transport_idx,accepted_transport,rho_attempt_count,rho_fallback_count,rho_attempt_mean,rho_attempt_median,rho_attempt_q90,rho_attempt_max,max_abs_beta0_transport,max_abs_beta1_transport,max_sigma_transport,max_s_transport,max_transport_jump,mean_beta0,mean_beta1,mean_sigma,mean_s,final_logp,nfev,output,stdout
10.0,sas,kappa,random,100,3,0.5,0,2026063000,35.67763883306179,11090,True,100,71,100,0,2.78,2.0,5.0,13.0,41.652093539750155,62.89074896675465,18249.217329371113,9.729079646623046e-05,74.3685383369108,-55792.44027312752,1180.0248911101953,13029.321514997315,721.4490054347878,-13874.529627626005,3324909,draws/transport_kappa_trials/kappa_10_00.h5,means: -55792.4  1180.02  13029.3  721.449 | stds: 7030.76  104.88 148.014 234.732 | Number log_density evals: 3324909 | Acceptance rate: 0.983733 | Output: draws/transport_kappa_trials/kappa_10_00.h5
12.0,sas,kappa,random,100,3,0.5,0,2026063000,35.63299008400645,5732,True,100,67,100,0,2.76,2.0,5.0,13.0,41.6518267953535,71.43073292224524,18951.066504375696,0.012513020470789123,74.3685383369108,-54474.87787345077,1160.3590441827478,13041.44948470131,718.1575627732728,-13873.22019096346,3392250,draws/transport_kappa_trials/kappa_12_00.h5,means: -54474.9  1160.36  13041.4  718.158 | stds: 6993.86 104.313 161.977 227.341 | Number log_density evals: 3392250 | Acceptance rate: 0.992067 | Output: draws/transport_kappa_trials/kappa_12_00.h5
15.0,sas,kappa,random,100,3,0.5,0,2026063000,35.68963504198473,8373,True,100,63,100,0,2.85,2.0,5.0,13.0,42.742415973146066,69.54743014957418,18950.305743747253,0.000288100684968545,74.3685383369108,-55101.62164635747,1169.6741883551276,13044.384019918974,724.5380924217158,-13875.294607989068,3348583,draws/transport_kappa_trials/kappa_15_00.h5,means: -55101.6  1169.67  13044.4  724.538 | stds: 7425.44 110.745  172.52 221.249 | Number log_density evals: 3348583 | Acceptance rate: 0.989367 | Output: draws/transport_kappa_trials/kappa_15_00.h5
20.0,sas,kappa,random,100,3,0.5,0,2026063000,38.583033917006105,19134,True,100,75,100,0,3.68,3.0,8.0,24.0,30.639625697064012,24.80722395283512,20178.21768586639,1404.697623346287,39.558270591037214,-40816.21979577116,956.8679828211812,13081.857335173696,595.7942547983712,-13872.887292381723,3661230,draws/transport_kappa_trials/kappa_20_00.h5,means: -40816.2  956.868  13081.9  595.794 | stds: 25763.3 383.882 184.849 306.485 | Number log_density evals: 3661230 | Acceptance rate: 0.980767 | Output: draws/transport_kappa_trials/kappa_20_00.h5
10.0,sas,kappa,random,100,3,0.5,1,2026063001,35.173691874952056,11534,True,100,86,100,0,2.89,2.0,6.0,13.0,37.944090673557305,35.49035123013917,492549.9429829052,87184652.35322045,36.59004875633946,-55147.261822910186,1170.4066369543114,13065.502541780494,711.7707390525123,-13871.889447197256,3346892,draws/transport_kappa_trials/kappa_10_01.h5,means: -55147.3  1170.41  13065.5  711.771 | stds: 7149.65 106.672 159.242 239.149 | Number log_density evals: 3346892 | Acceptance rate: 0.991 | Output: draws/transport_kappa_trials/kappa_10_01.h5
12.0,sas,kappa,random,100,3,0.5,1,2026063001,35.08726958394982,10971,True,100,69,100,0,2.89,2.0,6.0,12.0,267.54738827238964,112.40250744397086,18237.48373983588,87184652.35322045,36.59004875633946,-55262.85818524934,1172.0691399079396,12987.95493625415,705.2927452966453,-13873.318415346628,3350879,draws/transport_kappa_trials/kappa_12_01.h5,means: -55262.9  1172.07    12988  705.293 | stds:  7098.8 105.926 167.756 237.327 | Number log_density evals: 3350879 | Acceptance rate: 0.988167 | Output: draws/transport_kappa_trials/kappa_12_01.h5
15.0,sas,kappa,random,100,3,0.5,1,2026063001,35.037981583038345,2884,True,100,66,100,0,3.45,2.0,7.1000000000000085,16.0,263.8193948104334,103.13358488165696,18237.48373983588,87184652.35322045,36.59004875633946,-54784.163123575585,1164.9712573436545,13025.16106261179,718.3483042693872,-13871.920838645612,3328779,draws/transport_kappa_trials/kappa_15_01.h5,means: -54784.2  1164.97  13025.2  718.348 | stds:  6772.2 100.999 169.715 233.979 | Number log_density evals: 3328779 | Acceptance rate: 0.994567 | Output: draws/transport_kappa_trials/kappa_15_01.h5
20.0,sas,kappa,random,100,3,0.5,1,2026063001,34.93011045793537,3792,True,100,68,100,0,4.17,3.0,8.0,16.0,263.8193948104334,107.30461422457965,18237.48373983588,87184652.35322045,36.59004875633946,-56139.10933684134,1185.1657536863993,13028.37395880033,717.5291199087616,-13871.859525129668,3333770,draws/transport_kappa_trials/kappa_20_01.h5,means: -56139.1  1185.17  13028.4  717.529 | stds:    6927 103.313 158.306  229.05 | Number log_density evals: 3333770 | Acceptance rate: 0.994167 | Output: draws/transport_kappa_trials/kappa_20_01.h5
10.0,sas,kappa,random,100,3,0.5,2,2026063002,35.49253675004002,13366,True,100,60,100,0,2.93,2.0,6.1000000000000085,16.0,3.61624959123323,66.17160157048494,18198.504680428465,0.0029369279423021566,43.68230992365936,-55744.37842820537,1179.2739668497727,13041.969256553191,711.5071353202645,-13875.12340482737,3386696,draws/transport_kappa_trials/kappa_10_02.h5,means: -55744.4  1179.27    13042  711.507 | stds: 7222.88 107.768 167.378 229.921 | Number log_density evals: 3386696 | Acceptance rate: 0.988567 | Output: draws/transport_kappa_trials/kappa_10_02.h5
12.0,sas,kappa,random,100,3,0.5,2,2026063002,38.402580333990045,19559,True,100,70,100,0,3.37,2.0,7.1000000000000085,14.0,11.730310653230381,59.03150367000167,19305.15717281851,15.108672057337483,43.68230992365936,-37123.374271388915,901.8498660635362,13094.02473172915,576.5128215282584,-13873.42437294218,3643710,draws/transport_kappa_trials/kappa_12_02.h5,means: -37123.4   901.85    13094  576.513 | stds: 25687.4 382.669 186.768 300.279 | Number log_density evals: 3643710 | Acceptance rate: 0.9787 | Output: draws/transport_kappa_trials/kappa_12_02.h5
15.0,sas,kappa,random,100,3,0.5,2,2026063002,35.04372520803008,10532,True,100,67,100,0,3.85,3.0,8.100000000000009,17.0,19.096035144998194,72.05639816849144,19296.74618885146,137.3480833950813,43.68230992365936,-54870.0231341976,1166.251106326652,13058.816680100887,738.9479477620115,-13874.190393522727,3341907,draws/transport_kappa_trials/kappa_15_02.h5,means:  -54870 1166.25 13058.8 738.948 | stds: 6695.65 99.8746 162.396 231.151 | Number log_density evals: 3341907 | Acceptance rate: 0.991067 | Output: draws/transport_kappa_trials/kappa_15_02.h5
20.0,sas,kappa,random,100,3,0.5,2,2026063002,36.26162279199343,6508,True,100,71,100,0,4.0,3.0,8.100000000000009,17.0,11.419080901400081,66.50652896962241,19285.56996834665,68.23162693027815,43.68230992365936,-55585.21591662291,1176.9150564802799,13046.673797829597,717.7681357628829,-13872.967165755856,3478210,draws/transport_kappa_trials/kappa_20_02.h5,means: -55585.2  1176.92  13046.7  717.768 | stds: 7052.15 105.176 163.748  221.61 | Number log_density evals: 3478210 | Acceptance rate: 0.989867 | Output: draws/transport_kappa_trials/kappa_20_02.h5
10.0,sas,kappa,random,100,3,0.5,3,2026063003,38.113127999939024,23691,True,100,68,100,0,3.01,2.0,6.0,15.0,45.580709881828,9.986180750227335,19419.97989722413,397.47866327556574,43.487436007111334,-23837.290297276835,703.9714805505229,13148.572990938723,449.4714014159344,-13873.013631293778,3633757,draws/transport_kappa_trials/kappa_10_03.h5,means: -23837.3  703.971  13148.6  449.471 | stds: 28177.6 419.826 187.156 300.696 | Number log_density evals: 3633757 | Acceptance rate: 0.971967 | Output: draws/transport_kappa_trials/kappa_10_03.h5
12.0,sas,kappa,random,100,3,0.5,3,2026063003,38.25003870797809,21358,True,100,68,100,0,3.17,2.0,6.0,20.0,45.29634230402637,9.773467157014178,19275.1982126701,383.69995903308535,43.487436007111334,-32831.13458340551,837.882447005521,13115.067261588201,528.5689390899538,-13872.186421782373,3646150,draws/transport_kappa_trials/kappa_12_03.h5,means: -32831.1  837.882  13115.1  528.569 | stds: 29010.9 432.165 183.862 306.219 | Number log_density evals: 3646150 | Acceptance rate: 0.979267 | Output: draws/transport_kappa_trials/kappa_12_03.h5
15.0,sas,kappa,random,100,3,0.5,3,2026063003,34.88767650001682,4550,True,100,56,100,0,3.8,3.0,8.0,17.0,44.22926812678761,13.000487916749634,19919.36268123682,209.30050262940497,43.487436007111334,-54987.28665176525,1167.9936089730718,13051.773195291065,744.0902037634247,-13873.448175463021,3329066,draws/transport_kappa_trials/kappa_15_03.h5,means: -54987.3  1167.99  13051.8   744.09 | stds:  7273.4 108.469 170.137  248.45 | Number log_density evals: 3329066 | Acceptance rate: 0.995033 | Output: draws/transport_kappa_trials/kappa_15_03.h5
20.0,sas,kappa,random,100,3,0.5,3,2026063003,38.206691959057935,,False,100,63,100,0,3.51,2.0,7.0,27.0,318.30766579369293,108.305982646653,22260.019936488832,99933977695.40536,90.09043665452796,-187.67050801545292,351.603271101736,13217.762573175045,245.79705871450764,-13889.116451799935,3612729,draws/transport_kappa_trials/kappa_20_03.h5,means: -187.671  351.603  13217.8  245.797 | stds: 470.031 9.10109 169.203 119.717 | Number log_density evals: 3612729 | Acceptance rate: 0.963067 | Output: draws/transport_kappa_trials/kappa_20_03.h5
10.0,sas,kappa,random,100,3,0.5,4,2026063004,38.41277329204604,17793,True,100,68,100,0,2.8,2.0,5.0,11.0,89.51878615285287,87.59071978080749,19340.228339734822,2.1249781552592627e-22,98.74960848760206,-41553.03205474958,967.7581473153842,13073.70300904592,627.4434240880179,-13873.86503118719,3670676,draws/transport_kappa_trials/kappa_10_04.h5,means:  -41553 967.758 13073.7 627.443 | stds:   20975 312.583 180.271 281.426 | Number log_density evals: 3670676 | Acceptance rate: 0.979033 | Output: draws/transport_kappa_trials/kappa_10_04.h5
12.0,sas,kappa,random,100,3,0.5,4,2026063004,34.887962459004484,3995,True,100,69,100,0,3.21,2.5,6.1000000000000085,20.0,87.5150682331654,87.04117846410875,19340.228339734822,1.1995155700875527e-22,98.74960848760206,-56490.744101663375,1190.432157823886,13055.34707903382,737.4460833470296,-13873.068774846963,3315687,draws/transport_kappa_trials/kappa_12_04.h5,means: -56490.7  1190.43  13055.3  737.446 | stds: 7018.63 104.736 161.246 250.828 | Number log_density evals: 3315687 | Acceptance rate: 0.990333 | Output: draws/transport_kappa_trials/kappa_12_04.h5
15.0,sas,kappa,random,100,3,0.5,4,2026063004,35.773980875033885,6955,True,100,67,100,0,3.29,3.0,6.0,19.0,82.94214923216525,88.43139874707896,19283.65937622703,1.0742175849441598e-20,98.74960848760206,-55539.3359149426,1176.2485697307293,13032.320822986936,758.1232074569496,-13872.090175416584,3421958,draws/transport_kappa_trials/kappa_15_04.h5,means: -55539.3  1176.25  13032.3  758.123 | stds: 6742.68 100.546 174.734 244.526 | Number log_density evals: 3421958 | Acceptance rate: 0.988933 | Output: draws/transport_kappa_trials/kappa_15_04.h5
20.0,sas,kappa,random,100,3,0.5,4,2026063004,34.42641762504354,3824,True,100,60,100,0,4.01,3.0,9.0,18.0,82.60503957669043,91.5337601555899,19283.65937622703,1.891036898822963e-22,98.74960848760206,-54544.645921143456,1161.368346964591,13042.659322440646,712.17970600596,-13872.310193620462,3283909,draws/transport_kappa_trials/kappa_20_04.h5,means: -54544.6  1161.37  13042.7   712.18 | stds:  6907.4 103.002 157.396 227.857 | Number log_density evals: 3283909 | Acceptance rate: 0.989967 | Output: draws/transport_kappa_trials/kappa_20_04.h5
10.0,sas,kappa,random,100,3,0.5,5,2026063005,34.63707237504423,4245,True,100,67,100,0,2.79,2.0,5.0,8.0,109.09721490632802,57.55311082505392,21515.37421628337,3.390594007197799e-05,114.39868188182979,-56102.17650611759,1184.6316101437492,13047.346798199038,724.6753593124087,-13871.867349287822,3303453,draws/transport_kappa_trials/kappa_10_05.h5,means: -56102.2  1184.63  13047.3  724.675 | stds: 7346.07 109.552 151.758 237.575 | Number log_density evals: 3303453 | Acceptance rate: 0.9943 | Output: draws/transport_kappa_trials/kappa_10_05.h5
12.0,sas,kappa,random,100,3,0.5,5,2026063005,35.97520504205022,6836,True,100,72,100,0,3.07,3.0,6.0,15.0,103.4190693238822,57.185217866467774,21577.77253422934,0.00011326250856770435,114.39868188182979,-55676.67966637148,1178.2715639449204,13058.200279728964,739.4317834801893,-13875.740088450464,3431486,draws/transport_kappa_trials/kappa_12_05.h5,means: -55676.7  1178.27  13058.2  739.432 | stds: 7473.97 111.496 168.092  239.06 | Number log_density evals: 3431486 | Acceptance rate: 0.989367 | Output: draws/transport_kappa_trials/kappa_12_05.h5
15.0,sas,kappa,random,100,3,0.5,5,2026063005,34.70048670808319,3571,True,100,69,100,0,3.39,3.0,7.0,15.0,94.6814040794912,58.82934097259177,23160.32557635872,1.0388632924617614e-13,114.39868188182979,-55556.39793381818,1176.4765161725643,13032.231750968242,748.6581518740388,-13873.190608462473,3327744,draws/transport_kappa_trials/kappa_15_05.h5,means: -55556.4  1176.48  13032.2  748.658 | stds: 7582.63 113.062 163.762  252.57 | Number log_density evals: 3327744 | Acceptance rate: 0.9813 | Output: draws/transport_kappa_trials/kappa_15_05.h5
20.0,sas,kappa,random,100,3,0.5,5,2026063005,38.14956395805348,,False,100,58,100,0,4.16,3.0,8.0,19.0,96.24626712557186,57.63410012126211,21408.376710023145,3.599236120004439e-20,114.39868188182979,-169.5427666706232,351.26668841801876,13215.15831300541,241.36529958718313,-13887.33531659708,3629448,draws/transport_kappa_trials/kappa_20_05.h5,means: -169.543  351.267  13215.2  241.365 | stds: 469.824 8.90684 167.348 117.056 | Number log_density evals: 3629448 | Acceptance rate: 0.9714 | Output: draws/transport_kappa_trials/kappa_20_05.h5
10.0,sas,kappa,random,100,3,0.5,6,2026063006,35.21734041697346,8571,True,100,80,100,0,2.62,2.0,5.0,9.0,814.7466086441649,676.3218530734948,40747.00748786932,197081103208.16568,94.57378682475225,-55496.81292264583,1175.6103956873528,13020.70038821894,737.7976090908215,-13876.498907199646,3364561,draws/transport_kappa_trials/kappa_10_06.h5,means: -55496.8  1175.61  13020.7  737.798 | stds: 6742.17 100.599 148.233 231.311 | Number log_density evals: 3364561 | Acceptance rate: 0.972267 | Output: draws/transport_kappa_trials/kappa_10_06.h5
12.0,sas,kappa,random,100,3,0.5,6,2026063006,35.405442957999185,8604,True,100,63,100,0,3.14,2.0,6.0,14.0,530.1990515292034,556.2497195649978,36644.27931784815,197081103208.16568,94.57378682475225,-55565.88199972736,1176.6243533245884,13038.313006742233,694.5031519502197,-13872.835747380592,3383476,draws/transport_kappa_trials/kappa_12_06.h5,means: -55565.9  1176.62  13038.3  694.503 | stds: 6827.52 101.847 157.246 217.775 | Number log_density evals: 3383476 | Acceptance rate: 0.970033 | Output: draws/transport_kappa_trials/kappa_12_06.h5
15.0,sas,kappa,random,100,3,0.5,6,2026063006,35.31715537502896,8683,True,100,66,100,0,3.84,3.0,9.100000000000009,14.0,527.5766307410436,555.5837282376034,36955.835019450926,197081103208.16568,94.57378682475225,-55589.50443677888,1176.9674070641397,13010.480883766395,713.4199288776166,-13876.442708993278,3376613,draws/transport_kappa_trials/kappa_15_06.h5,means: -55589.5  1176.97  13010.5   713.42 | stds: 6765.41 100.919 155.409 224.017 | Number log_density evals: 3376613 | Acceptance rate: 0.9714 | Output: draws/transport_kappa_trials/kappa_15_06.h5
20.0,sas,kappa,random,100,3,0.5,6,2026063006,35.53747745801229,7990,True,100,65,100,0,4.43,3.0,9.100000000000009,24.0,1863.4597342506722,1009.3518263795363,53302370.83263963,197081103208.16568,149.99224412103874,-55525.26558360263,1176.01622534814,13033.795830170302,725.9027001772258,-13872.796967806258,3404121,draws/transport_kappa_trials/kappa_20_06.h5,means: -55525.3  1176.02  13033.8  725.903 | stds: 7410.38 110.527 178.729 251.217 | Number log_density evals: 3404121 | Acceptance rate: 0.984067 | Output: draws/transport_kappa_trials/kappa_20_06.h5
10.0,sas,kappa,random,100,3,0.5,7,2026063007,35.36640549998265,8584,True,100,73,100,0,2.65,2.0,5.1000000000000085,10.0,49.68440060264298,51.761430374271306,343610.1381453618,54613891.374595374,49.67863915930069,-54986.54271440709,1167.9647458802242,13062.296414700646,719.6212194498166,-13873.130504924746,3377930,draws/transport_kappa_trials/kappa_10_07.h5,means: -54986.5  1167.96  13062.3  719.621 | stds: 6809.12  101.58 144.424  228.41 | Number log_density evals: 3377930 | Acceptance rate: 0.9907 | Output: draws/transport_kappa_trials/kappa_10_07.h5
12.0,sas,kappa,random,100,3,0.5,7,2026063007,35.00581179198343,3552,True,100,77,100,0,3.04,2.0,6.0,10.0,45.41034721067599,41.26121866549203,340995.4595262316,58496555.95819066,49.67863915930069,-55155.24331135539,1170.4974475762408,13049.810962799631,724.2333688634759,-13873.314825652902,3347509,draws/transport_kappa_trials/kappa_12_07.h5,means: -55155.2   1170.5  13049.8  724.233 | stds: 7252.06 108.192  168.97 239.141 | Number log_density evals: 3347509 | Acceptance rate: 0.9955 | Output: draws/transport_kappa_trials/kappa_12_07.h5
15.0,sas,kappa,random,100,3,0.5,7,2026063007,38.3010037089698,29879,True,100,74,100,0,3.58,3.0,7.1000000000000085,13.0,45.41034721067599,141.35832004250008,370553.9817479642,58496555.95819066,49.67863915930069,-330.595396410802,353.6904532307192,13212.551540462271,253.99601815344644,-13890.217661918268,3627265,draws/transport_kappa_trials/kappa_15_07.h5,means: -330.595   353.69  13212.6  253.996 | stds: 1060.72 16.8858 168.298 136.076 | Number log_density evals: 3627265 | Acceptance rate: 0.973533 | Output: draws/transport_kappa_trials/kappa_15_07.h5
20.0,sas,kappa,random,100,3,0.5,7,2026063007,38.419218832976185,15472,True,100,69,100,0,3.63,2.0,8.0,16.0,45.41034721067599,47.5102784598681,345681.41953826195,58496555.95819066,49.67863915930069,-51642.290465806196,1118.1402264911487,13049.249793167257,707.0684376634435,-13872.445528300585,3670543,draws/transport_kappa_trials/kappa_20_07.h5,means: -51642.3  1118.14  13049.2  707.068 | stds: 13637.6   203.3 168.091 239.758 | Number log_density evals: 3670543 | Acceptance rate: 0.984967 | Output: draws/transport_kappa_trials/kappa_20_07.h5
10.0,sas,kappa,random,100,3,0.5,8,2026063008,35.11771145800594,5964,True,100,76,100,0,3.27,3.0,6.1000000000000085,17.0,52.591052431276346,18.93263292996429,19964.996171489893,627.0902673069859,41.06169539831018,-55213.14823981209,1171.3423163154146,13055.463316625783,729.203950133541,-13873.199008976399,3343994,draws/transport_kappa_trials/kappa_10_08.h5,means: -55213.1  1171.34  13055.5  729.204 | stds: 6700.35 99.9661 163.774 245.729 | Number log_density evals: 3343994 | Acceptance rate: 0.987467 | Output: draws/transport_kappa_trials/kappa_10_08.h5
12.0,sas,kappa,random,100,3,0.5,8,2026063008,38.16491016699001,23350,True,100,58,100,0,2.97,2.0,7.0,12.0,55.74214899641119,19.02778569920565,20053.665705133662,383.54642407271297,41.06169539831018,-23625.024639819538,700.7865136466604,13145.865556320552,452.67134510769296,-13874.131592303558,3625014,draws/transport_kappa_trials/kappa_12_08.h5,means:  -23625 700.787 13145.9 452.671 | stds: 26859.6 400.283 186.341 293.026 | Number log_density evals: 3625014 | Acceptance rate: 0.974767 | Output: draws/transport_kappa_trials/kappa_12_08.h5
15.0,sas,kappa,random,100,3,0.5,8,2026063008,38.50821729097515,15770,True,100,64,100,0,3.45,3.0,7.0,14.0,57.048102217692175,18.898364396735,20007.70239488295,463.26045269925083,41.06169539831018,-50130.45713036994,1095.6733574899893,13043.045073917041,689.8171612879536,-13872.858946813425,3667117,draws/transport_kappa_trials/kappa_15_08.h5,means: -50130.5  1095.67    13043  689.817 | stds: 14396.6 214.579 168.054 244.541 | Number log_density evals: 3667117 | Acceptance rate: 0.984367 | Output: draws/transport_kappa_trials/kappa_15_08.h5
20.0,sas,kappa,random,100,3,0.5,8,2026063008,35.66841858404223,6346,True,100,64,100,0,3.59,3.0,8.0,13.0,111.31190880900564,33.69303561293331,20268.216129197175,3541251628127.8525,31.26209074166605,-55655.569538029406,1177.9444040647465,13058.181736205159,735.1510479660116,-13872.553991215085,3406678,draws/transport_kappa_trials/kappa_20_08.h5,means: -55655.6  1177.94  13058.2  735.151 | stds: 7566.94 112.902 161.791 231.724 | Number log_density evals: 3406678 | Acceptance rate: 0.990467 | Output: draws/transport_kappa_trials/kappa_20_08.h5
10.0,sas,kappa,random,100,3,0.5,9,2026063009,35.04123099998105,2182,True,100,69,100,0,2.71,2.0,5.1000000000000085,10.0,427.51390501364006,16.768013445350444,19616.01441600089,7.985278713732476e-74,290.1362317072123,-55857.04350343527,1180.9892581385502,13028.258874675414,716.240778116662,-13876.752240080898,3347750,draws/transport_kappa_trials/kappa_10_09.h5,means:  -55857 1180.99 13028.3 716.241 | stds: 6737.25 100.537 158.492 217.331 | Number log_density evals: 3347750 | Acceptance rate: 0.9894 | Output: draws/transport_kappa_trials/kappa_10_09.h5
12.0,sas,kappa,random,100,3,0.5,9,2026063009,35.046007042052224,11657,True,100,65,100,0,3.01,2.0,6.0,10.0,427.78286349029844,54.90804117948669,23848.891938527326,7.303895219278713e-47,290.1362317072123,-54888.51300700744,1166.5128838526387,13037.989057162602,714.7082558008452,-13873.196903208995,3351742,draws/transport_kappa_trials/kappa_12_09.h5,means: -54888.5  1166.51    13038  714.708 | stds: 6501.18 96.9711 157.596 219.775 | Number log_density evals: 3351742 | Acceptance rate: 0.9737 | Output: draws/transport_kappa_trials/kappa_12_09.h5
15.0,sas,kappa,random,100,3,0.5,9,2026063009,35.12026766699273,3801,True,100,70,100,0,3.1,2.0,6.0,15.0,429.153178974215,15.933775100725976,19665.44968006711,5.7674419955371206e-74,290.1362317072123,-55288.08131233521,1172.4831205975495,13043.753616884214,740.8369924333533,-13875.050785455118,3357496,draws/transport_kappa_trials/kappa_15_09.h5,means: -55288.1  1172.48  13043.8  740.837 | stds: 7079.66 105.618 164.717 232.394 | Number log_density evals: 3357496 | Acceptance rate: 0.9765 | Output: draws/transport_kappa_trials/kappa_15_09.h5
20.0,sas,kappa,random,100,3,0.5,9,2026063009,35.10419600002933,3452,True,100,65,100,0,4.5,3.5,10.0,17.0,426.8284494809416,18.39930728974261,20110.38719385759,8.173336567576338e-72,290.1362317072123,-55101.504100910606,1169.6910546554693,13054.411702539366,712.0976566079025,-13874.182273280248,3356832,draws/transport_kappa_trials/kappa_20_09.h5,means: -55101.5  1169.69  13054.4  712.098 | stds: 7013.71 104.617 158.222 226.287 | Number log_density evals: 3356832 | Acceptance rate: 0.971633 | Output: draws/transport_kappa_trials/kappa_20_09.h5
10.0,sas,kappa,random,100,3,0.5,10,2026063010,38.34098341700155,15464,True,100,75,100,0,2.75,2.0,4.1000000000000085,13.0,16.057706872781324,45.115114432025095,29583.29866021923,1115629.680661794,48.475243501096664,-53506.29950383095,1146.0051975098281,13039.921163825085,713.5038418899805,-13873.123827896834,3667123,draws/transport_kappa_trials/kappa_10_10.h5,means: -53506.3  1146.01  13039.9  713.504 | stds: 11911.6 177.498 168.647 241.103 | Number log_density evals: 3667123 | Acceptance rate: 0.986867 | Output: draws/transport_kappa_trials/kappa_10_10.h5
12.0,sas,kappa,random,100,3,0.5,10,2026063010,34.90724579093512,12295,True,100,75,100,0,3.13,2.0,6.1000000000000085,13.0,21.88524259779073,45.306098459897775,27899.189674249796,1115629.680661794,48.475243501096664,-54675.0197545063,1163.369716109893,13053.705879409343,707.2716745708896,-13872.303305084974,3346737,draws/transport_kappa_trials/kappa_12_10.h5,means:  -54675 1163.37 13053.7 707.272 | stds: 6802.84 101.475 172.151 234.986 | Number log_density evals: 3346737 | Acceptance rate: 0.9823 | Output: draws/transport_kappa_trials/kappa_12_10.h5
15.0,sas,kappa,random,100,3,0.5,10,2026063010,34.978244208032265,9269,True,100,75,100,0,3.17,2.0,6.0,21.0,16.764481401243128,44.713399870789495,30143.69697158119,1332056.8096431496,48.475243501096664,-55371.83954172638,1173.7308005804655,13033.13091180625,751.967748305861,-13872.416153012597,3349456,draws/transport_kappa_trials/kappa_15_10.h5,means: -55371.8  1173.73  13033.1  751.968 | stds: 6611.78 98.6451 143.225  240.88 | Number log_density evals: 3349456 | Acceptance rate: 0.989867 | Output: draws/transport_kappa_trials/kappa_15_10.h5
20.0,sas,kappa,random,100,3,0.5,10,2026063010,35.31623758410569,11774,True,100,61,100,0,3.83,3.0,7.1000000000000085,13.0,143.81605927683628,28.706669791052434,20569.832962021683,2.7422927897751253,133.79807826225687,-55785.896444970655,1179.8997289568076,13006.899507444052,730.5160655104012,-13872.625076435177,3366672,draws/transport_kappa_trials/kappa_20_10.h5,means: -55785.9   1179.9  13006.9  730.516 | stds: 6767.28 100.938 175.726 243.707 | Number log_density evals: 3366672 | Acceptance rate: 0.9882 | Output: draws/transport_kappa_trials/kappa_20_10.h5
10.0,sas,kappa,random,100,3,0.5,11,2026063011,35.329474417027086,5861,True,100,75,100,0,2.86,2.0,5.1000000000000085,13.0,27.25729438901492,20.74646801342666,20252.022293984974,301286.8200213445,20.780000335827726,-55971.465495285025,1182.7009653932332,13043.255999107267,695.2749260912899,-13875.906251856859,3347693,draws/transport_kappa_trials/kappa_10_11.h5,means: -55971.5   1182.7  13043.3  695.275 | stds: 7123.87 106.296  165.14 215.498 | Number log_density evals: 3347693 | Acceptance rate: 0.9916 | Output: draws/transport_kappa_trials/kappa_10_11.h5
12.0,sas,kappa,random,100,3,0.5,11,2026063011,38.26992266695015,25121,True,100,72,100,0,2.95,2.0,5.1000000000000085,13.0,27.21207004038295,23.183439913791535,20252.022293984974,301286.8200213445,20.780000335827726,-16372.356315577657,592.8232911379085,13153.997596534065,398.7956259176193,-13876.52997017781,3639298,draws/transport_kappa_trials/kappa_12_11.h5,means: -16372.4  592.823    13154  398.796 | stds: 23860.5 355.509 182.948 277.027 | Number log_density evals: 3639298 | Acceptance rate: 0.976167 | Output: draws/transport_kappa_trials/kappa_12_11.h5
15.0,sas,kappa,random,100,3,0.5,11,2026063011,35.59139362501446,2610,True,100,67,100,0,3.31,2.0,7.0,13.0,27.21207004038295,22.027646898803912,20252.022293984974,301286.8200213445,20.780000335827726,-55497.722205635866,1175.6208741786893,13046.351658676747,730.6026844065032,-13875.474109745912,3392662,draws/transport_kappa_trials/kappa_15_11.h5,means: -55497.7  1175.62  13046.4  730.603 | stds:  7477.7 111.553 169.855 219.841 | Number log_density evals: 3392662 | Acceptance rate: 0.988667 | Output: draws/transport_kappa_trials/kappa_15_11.h5
20.0,sas,kappa,random,100,3,0.5,11,2026063011,35.0064531249227,3434,True,100,69,100,0,3.44,3.0,7.1000000000000085,12.0,28.87283767274119,26.987947423786807,20252.022293984974,301286.8200213445,20.780000335827726,-54898.764992690136,1166.6480926345123,13035.686562528314,736.2069573167267,-13872.776151915845,3344504,draws/transport_kappa_trials/kappa_20_11.h5,means: -54898.8  1166.65  13035.7  736.207 | stds: 7137.78 106.488 167.685 230.345 | Number log_density evals: 3344504 | Acceptance rate: 0.995367 | Output: draws/transport_kappa_trials/kappa_20_11.h5
10.0,sas,kappa,random,100,3,0.5,12,2026063012,38.518625500029884,19603,True,100,51,100,0,2.5,2.0,5.0,9.0,22.946138491638838,44.62362776978458,18203.614027874366,944.2774387631247,34.2886924016095,-34064.51096786241,856.1784306579134,13097.340220286917,570.3690027990973,-13875.087601952388,3666043,draws/transport_kappa_trials/kappa_10_12.h5,means: -34064.5  856.178  13097.3  570.369 | stds: 23662.9 352.498 181.928 295.672 | Number log_density evals: 3666043 | Acceptance rate: 0.983133 | Output: draws/transport_kappa_trials/kappa_10_12.h5
12.0,sas,kappa,random,100,3,0.5,12,2026063012,38.29298691696022,18041,True,100,73,100,0,3.41,3.0,7.0,11.0,21.252743949831295,48.74447850845247,18192.739025740222,944.2774387631247,34.2886924016095,-44205.69377158882,1007.3015157828872,13072.590695180992,633.6121050582136,-13875.504966091672,3649851,draws/transport_kappa_trials/kappa_12_12.h5,means: -44205.7   1007.3  13072.6  633.612 | stds:   23104 344.186  178.96 290.771 | Number log_density evals: 3649851 | Acceptance rate: 0.982 | Output: draws/transport_kappa_trials/kappa_12_12.h5
15.0,sas,kappa,random,100,3,0.5,12,2026063012,37.827865583007224,21843,True,100,71,100,0,3.93,3.0,8.0,15.0,21.32570431496188,50.38602536960456,18342.47739955816,1129.4972643007889,34.2886924016095,-29023.282671203953,781.1369785112122,13115.502149225333,495.74143788236046,-13873.689969163148,3610607,draws/transport_kappa_trials/kappa_15_12.h5,means: -29023.3  781.137  13115.5  495.741 | stds: 26904.6 400.852 182.387  307.45 | Number log_density evals: 3610607 | Acceptance rate: 0.980733 | Output: draws/transport_kappa_trials/kappa_15_12.h5
20.0,sas,kappa,random,100,3,0.5,12,2026063012,35.0070250419667,8527,True,100,63,100,0,3.99,3.0,10.0,17.0,21.684260784673036,53.89465638070913,18334.67856867976,974.5930512219346,34.2886924016095,-55800.42077883996,1180.1517881488273,13054.572797832523,731.8632793007578,-13875.522026087094,3360731,draws/transport_kappa_trials/kappa_20_12.h5,means: -55800.4  1180.15  13054.6  731.863 | stds: 6994.46 104.336 162.776 227.584 | Number log_density evals: 3360731 | Acceptance rate: 0.991267 | Output: draws/transport_kappa_trials/kappa_20_12.h5
10.0,sas,kappa,random,100,3,0.5,13,2026063013,34.96314704196993,11208,True,100,69,100,0,3.0,2.0,6.1000000000000085,10.0,38.99114498538409,16.74834177886392,21353.281416203343,47.0573619546614,21.774850173938404,-55523.81903173584,1175.9960066712817,13049.709587398635,728.1435821423701,-13872.981727081513,3329253,draws/transport_kappa_trials/kappa_10_13.h5,means: -55523.8     1176  13049.7  728.144 | stds:  7342.4  109.51 166.353 214.592 | Number log_density evals: 3329253 | Acceptance rate: 0.9924 | Output: draws/transport_kappa_trials/kappa_10_13.h5
12.0,sas,kappa,random,100,3,0.5,13,2026063013,34.771058375015855,3490,True,100,66,100,0,2.91,2.0,5.0,11.0,32.914102265936044,23.926064086587758,21126.80246802628,191.87767920557215,21.774850173938404,-55191.08476098787,1171.0648825417531,13049.045705472867,729.5240230046967,-13873.14588650106,3327317,draws/transport_kappa_trials/kappa_12_13.h5,means: -55191.1  1171.06    13049  729.524 | stds: 6913.03 103.092  162.31 226.214 | Number log_density evals: 3327317 | Acceptance rate: 0.9908 | Output: draws/transport_kappa_trials/kappa_12_13.h5
15.0,sas,kappa,random,100,3,0.5,13,2026063013,35.01986733300146,9270,True,100,60,100,0,3.45,2.5,8.0,17.0,41.18254479399407,30.464979022870846,22465.07597838948,0.24227450008342766,21.774850173938404,-54284.09584255875,1157.5250676855992,13059.728283858492,720.6340940204694,-13873.950702849857,3347957,draws/transport_kappa_trials/kappa_15_13.h5,means: -54284.1  1157.53  13059.7  720.634 | stds: 6961.83 103.854 159.117 226.063 | Number log_density evals: 3347957 | Acceptance rate: 0.990133 | Output: draws/transport_kappa_trials/kappa_15_13.h5
20.0,sas,kappa,random,100,3,0.5,13,2026063013,38.31691808300093,24319,True,100,65,100,0,3.84,3.0,9.0,17.0,14.903850594674081,12.77000844669197,20272.55470163472,62.17049381484393,21.774850173938404,-20981.549884919044,661.3970400488231,13146.6628231598,427.2688927956624,-13872.550386585142,3654503,draws/transport_kappa_trials/kappa_20_13.h5,means: -20981.5  661.397  13146.7  427.269 | stds: 27801.6 414.198 185.587 292.453 | Number log_density evals: 3654503 | Acceptance rate: 0.978733 | Output: draws/transport_kappa_trials/kappa_20_13.h5
10.0,sas,kappa,random,100,3,0.5,14,2026063014,38.24659779109061,24834,True,100,70,100,0,3.28,3.0,7.0,12.0,22.78044119899823,30.835112945508126,102774.05717403264,2595271535.6518526,16.007262750866737,-17190.240005863106,604.8651353512723,13154.340353022246,400.4484997187927,-13873.342343452314,3626950,draws/transport_kappa_trials/kappa_10_14.h5,means: -17190.2  604.865  13154.3  400.448 | stds: 24393.6 363.458  186.58 275.689 | Number log_density evals: 3626950 | Acceptance rate: 0.977033 | Output: draws/transport_kappa_trials/kappa_10_14.h5
12.0,sas,kappa,random,100,3,0.5,14,2026063014,38.257865875028074,,False,100,80,100,0,3.28,3.0,6.1000000000000085,16.0,168.83130911836884,79.1375117951327,25884373.831080515,2659077549.7711744,11.60673160471485,-170.62733739004327,351.3349333854533,13220.667672116226,241.26954626933767,-13888.470668727221,3629036,draws/transport_kappa_trials/kappa_12_14.h5,means: -170.627  351.335  13220.7   241.27 | stds: 448.941   8.811 167.411 118.569 | Number log_density evals: 3629036 | Acceptance rate: 0.975167 | Output: draws/transport_kappa_trials/kappa_12_14.h5
15.0,sas,kappa,random,100,3,0.5,14,2026063014,35.24054662499111,12005,True,100,72,100,0,3.57,3.0,8.0,15.0,167.27884648951795,79.1375117951327,25884373.831080515,2659077549.7711744,11.60673160471485,-55600.65184535861,1177.144310918742,13049.671923567581,746.7553901847232,-13875.202442654587,3363381,draws/transport_kappa_trials/kappa_15_14.h5,means: -55600.7  1177.14  13049.7  746.755 | stds: 6619.98 98.7422 157.446  247.45 | Number log_density evals: 3363381 | Acceptance rate: 0.9878 | Output: draws/transport_kappa_trials/kappa_15_14.h5
20.0,sas,kappa,random,100,3,0.5,14,2026063014,35.909053207957186,6728,True,100,64,100,0,4.7,3.0,10.0,20.0,27.356975391098793,99.54074220407531,23108.227962363697,57645876220.03715,21.14924797807331,-55690.15134399801,1178.4520423388958,13039.744371865705,746.12007552172,-13873.237895054732,3425304,draws/transport_kappa_trials/kappa_20_14.h5,means: -55690.2  1178.45  13039.7   746.12 | stds: 6705.28 100.031 163.879 238.134 | Number log_density evals: 3425304 | Acceptance rate: 0.976633 | Output: draws/transport_kappa_trials/kappa_20_14.h5
10.0,sas,kappa,random,100,3,0.5,15,2026063015,34.63819633400999,5380,True,100,68,100,0,2.65,2.0,5.0,19.0,56.17973501770812,145.3022261624057,16903.403814803834,26.563693417689795,148.12109946232812,-55669.087111947505,1178.1472625302229,13031.016309707502,725.9698581384195,-13873.125559212665,3315895,draws/transport_kappa_trials/kappa_10_15.h5,means: -55669.1  1178.15    13031   725.97 | stds: 6947.93 103.654 164.737 219.613 | Number log_density evals: 3315895 | Acceptance rate: 0.994267 | Output: draws/transport_kappa_trials/kappa_10_15.h5
12.0,sas,kappa,random,100,3,0.5,15,2026063015,38.186171417008154,16193,True,100,56,100,0,2.86,2.0,5.1000000000000085,19.0,56.17973501770812,143.75519408964968,16903.403814803834,1.3518763218642465e-05,148.12109946232812,-51736.2184674242,1119.5321061671527,13059.708795605757,691.0729955723457,-13872.427175393781,3634171,draws/transport_kappa_trials/kappa_12_15.h5,means: -51736.2  1119.53  13059.7  691.073 | stds: 16843.2  250.97 175.034 265.479 | Number log_density evals: 3634171 | Acceptance rate: 0.9837 | Output: draws/transport_kappa_trials/kappa_12_15.h5
15.0,sas,kappa,random,100,3,0.5,15,2026063015,38.16786745900754,22506,True,100,57,100,0,3.02,2.0,7.1000000000000085,19.0,64.46004871856354,171.0710790695195,16775.122772558716,2.0422191397542085e-06,148.12109946232812,-26260.884159323057,739.9801727385019,13124.316532562965,483.81767785359466,-13874.804116207739,3626361,draws/transport_kappa_trials/kappa_15_15.h5,means: -26260.9   739.98  13124.3  483.818 | stds: 26888.2 400.655 183.333 303.232 | Number log_density evals: 3626361 | Acceptance rate: 0.9774 | Output: draws/transport_kappa_trials/kappa_15_15.h5
20.0,sas,kappa,random,100,3,0.5,15,2026063015,34.713108166935854,4211,True,100,57,100,0,4.26,3.0,9.0,17.0,56.25837366292618,143.0618427060837,16475.152848972437,3.1791623287932313e-07,148.12109946232812,-55176.13992470599,1170.7997169962723,13038.382054656666,709.7299131753484,-13873.539889972395,3324165,draws/transport_kappa_trials/kappa_20_15.h5,means: -55176.1   1170.8  13038.4   709.73 | stds: 6607.21 98.5611 154.986 210.211 | Number log_density evals: 3324165 | Acceptance rate: 0.994867 | Output: draws/transport_kappa_trials/kappa_20_15.h5
10.0,sas,kappa,random,100,3,0.5,16,2026063016,35.16566749999765,2386,True,100,70,100,0,3.08,2.0,6.0,16.0,153.28999870040533,77.64101907783197,27557.01303282594,2.0108500296734215e-65,149.05574942759569,-54720.086321944706,1164.0074522313448,13046.633837321155,720.4920195585909,-13872.547821067841,3356689,draws/transport_kappa_trials/kappa_10_16.h5,means: -54720.1  1164.01  13046.6  720.492 | stds: 7321.66 109.219 165.596 242.835 | Number log_density evals: 3356689 | Acceptance rate: 0.989033 | Output: draws/transport_kappa_trials/kappa_10_16.h5
12.0,sas,kappa,random,100,3,0.5,16,2026063016,116.89160345797427,,False,100,23,100,0,3.46,2.0,7.0,17.0,4.052961746863451,59.110364754450465,20658.117674642257,3.212618842526839e-95,149.05574942759569,201.06967419128438,326.99162680881903,14204.798877186104,204.9787485511572,-13887.62474330469,11790741,draws/transport_kappa_trials/kappa_12_16.h5,means:  201.07 326.992 14204.8 204.979 | stds: 75.1797 85.2121 2672.43 124.114 | Number log_density evals: 11790741 | Acceptance rate: 0.4868 | Output: draws/transport_kappa_trials/kappa_12_16.h5
15.0,sas,kappa,random,100,3,0.5,16,2026063016,70.93900558399037,,False,100,16,100,0,3.89,3.0,9.100000000000009,17.0,4.052961746863451,59.13455374537221,20735.61172754859,2.20654892195505e-96,149.05574942759569,-2822.474392234806,391.34980912410333,13197.472995906048,417.45985857734473,-13893.03563560792,7041859,draws/transport_kappa_trials/kappa_15_16.h5,means: -2822.47   391.35  13197.5   417.46 | stds: 2483.31 37.5975  167.51 221.764 | Number log_density evals: 7041859 | Acceptance rate: 0.771667 | Output: draws/transport_kappa_trials/kappa_15_16.h5
20.0,sas,kappa,random,100,3,0.5,16,2026063016,190.4090471669333,,False,100,16,100,0,3.89,3.0,8.100000000000009,19.0,5.831982879767046,59.110364754450465,20734.091103489445,2.8254394488987973e-87,149.05574942759569,4.4915904586515986e-11,-49.21113162089965,20392.456907414457,1.6005063831005673e-87,-17464.877869081247,19578713,draws/transport_kappa_trials/kappa_20_16.h5,means: 4.49159e-11    -49.2111     20392.5 1.60051e-87 | stds: 0.000577254 0.000577254 0.000723996 0.000577254 | Number log_density evals: 19578713 | Acceptance rate: 0.1052 | Output: draws/transport_kappa_trials/kappa_20_16.h5
10.0,sas,kappa,random,100,3,0.5,17,2026063017,35.375234958017245,13192,True,100,75,100,0,2.73,2.0,5.0,11.0,22.852818888498224,20.969099038750077,20697.39043465911,4.7772583167641994e-05,34.96156835243998,-56095.47155539578,1184.5388829254387,13032.8681399891,715.8002722394601,-13874.00019053702,3370552,draws/transport_kappa_trials/kappa_10_17.h5,means: -56095.5  1184.54  13032.9    715.8 | stds: 6966.07 103.921 169.892 229.525 | Number log_density evals: 3370552 | Acceptance rate: 0.989 | Output: draws/transport_kappa_trials/kappa_10_17.h5
12.0,sas,kappa,random,100,3,0.5,17,2026063017,36.25466095795855,14152,True,100,69,100,0,3.24,3.0,7.0,11.0,23.170461843780636,20.969099038750077,20716.517347446374,1.3871451014363589e-05,34.96156835243998,-54679.86751063668,1163.40941173973,13033.883924832495,719.4202415226154,-13873.079064126927,3438355,draws/transport_kappa_trials/kappa_12_17.h5,means: -54679.9  1163.41  13033.9   719.42 | stds: 6871.13 102.481 182.382 230.342 | Number log_density evals: 3438355 | Acceptance rate: 0.989033 | Output: draws/transport_kappa_trials/kappa_12_17.h5
15.0,sas,kappa,random,100,3,0.5,17,2026063017,34.9032397500705,12985,True,100,74,100,0,3.39,3.0,6.1000000000000085,12.0,26.37431937848395,20.969099038750077,20653.73872421893,0.00030427906286479726,34.96156835243998,-55087.40991098557,1169.4464875665453,13040.083185032237,742.097606670663,-13871.946307560087,3338185,draws/transport_kappa_trials/kappa_15_17.h5,means: -55087.4  1169.45  13040.1  742.098 | stds: 7008.97 104.526 167.048 249.138 | Number log_density evals: 3338185 | Acceptance rate: 0.988167 | Output: draws/transport_kappa_trials/kappa_15_17.h5
20.0,sas,kappa,random,100,3,0.5,17,2026063017,34.87258295796346,10101,True,100,63,100,0,4.15,3.0,8.100000000000009,18.0,35.1758550369391,21.030672130011265,20350.44323772568,7.76236472620429e-05,34.96156835243998,-55775.679301801756,1179.7344773931682,13057.70456570679,708.8886087313394,-13872.812017712648,3319622,draws/transport_kappa_trials/kappa_20_17.h5,means: -55775.7  1179.73  13057.7  708.889 | stds: 6922.34  103.26 151.439 214.137 | Number log_density evals: 3319622 | Acceptance rate: 0.989567 | Output: draws/transport_kappa_trials/kappa_20_17.h5
10.0,sas,kappa,random,100,3,0.5,18,2026063018,38.24158887495287,21372,True,100,74,100,0,2.89,2.0,6.0,12.0,208.52625971534388,397.20806012502396,30626.70010727699,8.622782160809874e-20,348.63580079238284,-29880.251377201846,793.9539051242056,13114.543426497588,520.4390001154119,-13876.171946917706,3658160,draws/transport_kappa_trials/kappa_10_18.h5,means: -29880.3  793.954  13114.5  520.439 | stds:   26237 390.856 183.229 305.029 | Number log_density evals: 3658160 | Acceptance rate: 0.9698 | Output: draws/transport_kappa_trials/kappa_10_18.h5
12.0,sas,kappa,random,100,3,0.5,18,2026063018,34.94703254196793,2303,True,100,66,100,0,3.2,2.0,7.0,14.0,208.82306852145828,397.0302197246545,31493.781324080428,3.7073599099447006e-34,348.63580079238284,-55401.06461898129,1174.1376870460897,13035.402560353974,729.1227987722622,-13873.380520021885,3337264,draws/transport_kappa_trials/kappa_12_18.h5,means: -55401.1  1174.14  13035.4  729.123 | stds: 6848.45 102.159 164.601 232.232 | Number log_density evals: 3337264 | Acceptance rate: 0.985167 | Output: draws/transport_kappa_trials/kappa_12_18.h5
15.0,sas,kappa,random,100,3,0.5,18,2026063018,34.9462682910962,5132,True,100,59,100,0,3.55,3.0,8.0,14.0,213.59790462713084,397.5201398899579,31787.425348744095,9.3803554958447e-34,348.63580079238284,-55975.19477189757,1182.734232719691,13040.434459464497,752.6770130988078,-13873.530155805909,3321378,draws/transport_kappa_trials/kappa_15_18.h5,means: -55975.2  1182.73  13040.4  752.677 | stds: 6664.25 99.4485 164.646 231.624 | Number log_density evals: 3321378 | Acceptance rate: 0.990267 | Output: draws/transport_kappa_trials/kappa_15_18.h5
20.0,sas,kappa,random,100,3,0.5,18,2026063018,35.12681191705633,5667,True,100,57,100,0,3.62,2.0,8.0,14.0,223.73949560934625,397.40148802772836,31695.032982577402,2.060694981456706e-34,348.63580079238284,-55760.28003605265,1179.482054982431,13047.43186806745,700.4946769107111,-13873.434967790306,3358134,draws/transport_kappa_trials/kappa_20_18.h5,means: -55760.3  1179.48  13047.4  700.495 | stds: 6731.35 100.407 154.284 223.148 | Number log_density evals: 3358134 | Acceptance rate: 0.9911 | Output: draws/transport_kappa_trials/kappa_20_18.h5
10.0,sas,kappa,random,100,3,0.5,19,2026063019,34.59726770804264,3973,True,100,60,100,0,2.96,2.0,6.0,13.0,4.1585912470345585,29.75632726123932,20580.565158400022,2.897175348407198e-07,35.64002093863923,-54807.0251836431,1165.2843904236427,13041.247265461576,735.1918797118967,-13873.861255571092,3300619,draws/transport_kappa_trials/kappa_10_19.h5,means:  -54807 1165.28 13041.2 735.192 | stds: 6510.28 97.1074 160.863 214.784 | Number log_density evals: 3300619 | Acceptance rate: 0.9933 | Output: draws/transport_kappa_trials/kappa_10_19.h5
12.0,sas,kappa,random,100,3,0.5,19,2026063019,104.59107337496243,,False,100,61,100,0,3.38,2.0,7.0,15.0,4.8502432552114145,23.793063388666507,19935.61251970202,5.4837399070521774e-09,35.64002093863923,1.6472046229572322e-11,23.949534059780405,19311.50961142293,6.342428127833649e-09,-15140.769918192771,10513114,draws/transport_kappa_trials/kappa_12_19.h5,means:  1.6472e-11     23.9495     19311.5 6.34243e-09 | stds: 0.000577254 0.000582392     1.31533 0.000577254 | Number log_density evals: 10513114 | Acceptance rate: 0.507033 | Output: draws/transport_kappa_trials/kappa_12_19.h5
15.0,sas,kappa,random,100,3,0.5,19,2026063019,35.76225675002206,6369,True,100,62,100,0,3.3,2.0,7.0,16.0,61.68952636857561,116.0369947987923,7568383.698054554,31668244268.24325,25.26782883397844,-55258.02151432272,1172.040134843697,13050.613285624537,714.624440613582,-13876.703130150569,3421455,draws/transport_kappa_trials/kappa_15_19.h5,means:  -55258 1172.04 13050.6 714.624 | stds: 6735.79 100.475 155.952 230.302 | Number log_density evals: 3421455 | Acceptance rate: 0.990467 | Output: draws/transport_kappa_trials/kappa_15_19.h5
20.0,sas,kappa,random,100,3,0.5,19,2026063019,38.241117333993316,19783,True,100,59,100,0,4.11,3.0,8.100000000000009,14.0,12.280323691851747,78.39548545582501,18323670.09820485,26559258579.07147,23.917807807682433,-37632.26441867466,909.4802946699864,13093.045349001824,570.0517383568405,-13872.662320944411,3648428,draws/transport_kappa_trials/kappa_20_19.h5,means: -37632.3   909.48    13093  570.052 | stds: 26662.5 397.214 179.804 301.173 | Number log_density evals: 3648428 | Acceptance rate: 0.980233 | Output: draws/transport_kappa_trials/kappa_20_19.h5
